x1,x2,x3,y
-1.0,-0.8978973990480685,0.12668406260751786,7.0056775781553755
-0.20177739221050306,1.0,0.4216637782989021,7.936404972787019
-0.3446317206358622,-0.36853898239862826,-0.9456695160127337,-1.450452241312801
-1.0,0.06329987481781774,-0.8937162683994433,6.931162515207631
1.0,1.0,0.09120542389367325,13.856527876519218
0.024961177910632015,-0.9325838051959614,0.5818927479355991,0.8547602504825996
0.6227505164812996,0.6295265689044589,-0.008347799544203172,1.8680725965872196
0.38224640110072583,-1.0,0.8757312413284053,-3.6769358143194597
-1.0,-0.21232948127269058,-0.48051470992423595,-1.55088369811602
-0.11080002155876434,-1.0,-0.3921940403634776,1.752151535599688
-0.6605738023709935,0.4733702959630903,0.6438465457382332,-1.0170438461668776
-0.5650349426657721,1.0,0.2028432125395767,4.1809793000549105
-0.229903410706372,0.08378184400561972,-0.36974832531474733,0.3407521047939641
-1.0,0.7848876937317275,-1.0,19.991495081043283
-0.36695253601099553,0.8111853757671079,-0.5599212128102378,0.5647136622571385
-0.6289813519101206,-0.40803248141151083,-0.0504988858251052,0.4870311566818417
1.0,-1.0,-1.0,-29.329611094028905
-0.02814086602440602,0.11849485616038935,0.3810013413114681,-0.8702017524399603
0.17799725658197185,0.4762277041141665,-0.20649609590513962,1.9931280284188682
0.9175462675547215,-0.2493883798166585,0.3396433384448414,3.012980495931455
1.0,0.1090951377357472,0.14661761093323689,5.044535154760992
1.0,-0.2865397445944933,1.0,8.110320516896993
1.0,-0.9925665203639105,1.0,-9.340980746861158
0.18564917119270485,1.0,-0.44859546873180034,10.52184686379599
-1.0,-0.2527357195359403,0.06926093842169023,-3.249207325065163
-0.3600182160089913,-0.6970638945985639,-0.29657857024485756,1.0583287503286645
1.0,0.05405392632723949,-0.5636766554749697,5.580884724821129
-0.9962054606152166,0.1772418042941346,1.0,3.6310244137254077
1.0,0.4407485782727494,0.22363910300708056,7.463612681815816
1.0,0.14625878577525953,0.2920642294594482,5.254470990645713
0.097768361054827,0.8974097826144143,-0.22670867589499943,4.53934325979089
-0.5623543245250977,-1.0,-0.767815815411764,-3.16388750443794
-1.0,0.8635803462587219,0.8698850851261959,3.0665608586762865
-0.1545722552146851,-1.0,-1.0,-15.909275864142293
0.6440850123829334,-0.8762953780269975,0.3861563045067449,0.49583283731217354
-0.3892278395975446,0.11628415783563484,-1.0,-2.0885202001706222
0.16400996946908353,-0.5111635303171385,-0.029178152885593223,2.082305008387163
0.8124470695441517,-1.0,-0.4967641716873752,-7.415708224248173
0.3460233998757123,-1.0,0.05066130868372909,1.2500391058095803
-0.7927973806152504,-0.4180191007434695,-0.6350878315450574,1.7793452956859306
0.14767691403192185,-1.0,1.0,-7.645209678714885
1.0,-0.28772677945952596,-0.6293245719985852,5.797379441175682
-1.0,-1.0,-0.6235512059491712,4.226926467507555
1.0,1.0,1.0,25.89126852928599
-0.40782116445286176,1.0,0.9313315640077364,13.000494419427405
-0.07231672258077104,0.23129125887263657,0.3876268579970188,-0.1184969344299671
-0.8575236637190919,0.24645701293792133,-0.14924598508234976,-2.664285603320006
-1.0,0.4549225301414206,1.0,4.534490654468506
-1.0,-1.0,-0.12700308504868407,7.230868497239918
-0.3680611267914007,1.0,-1.0,0.7853161803266574
-0.9796904991834121,-0.09952958910954668,0.11600083089774005,-3.6652153989210685
0.8049519676339183,0.475834209169383,-0.030805162474081937,3.0673326993909047
0.18587280599446476,-0.2730370560358504,-0.47650276467458963,1.9270517340440587
0.456230269895711,-0.2687532303890716,0.3477063670644096,1.4362316627559162
-0.7509135220076784,-0.05973498945209532,-0.8003433892297291,1.1259540694996932
-1.0,-1.0,-0.4032495090917343,5.7815605867129145
-0.6542503213114068,1.0,1.0,15.977569323410979
-0.6503479933139282,0.007647344236983988,-0.06668034051247873,-1.5082160283958117
1.0,-0.13429546585776442,0.20523098677171592,5.422005723661063
-0.6084572017701049,-0.7502373377688829,0.3651786292646193,1.118023911716705
-0.07891860361555869,0.1312975412801276,0.8116451798173556,0.6346251377452257
-0.5113150444532697,0.09203221175150933,-0.9310558257122188,-0.16480801914730325
0.6190540679625178,-0.642351312460286,-1.0,-8.258661670300903
1.0,0.03988139351449371,1.0,13.39295855328214
0.38479497251199923,0.18303380931026636,0.3306551458798157,1.8082017266161892
-1.0,0.8777354743786854,-0.4442568372616047,6.612420039828992
-0.806690649326028,-0.8803364556362148,-1.0,-1.1547964981574776
-0.053524476934706744,0.7562992097532308,-0.47725646726485893,0.873248139703543
-0.7081299083745916,0.5997176697247286,-1.0,-0.16082884516191454
0.04420004069881256,0.1464710487511982,-0.11682500815062813,0.5764948591430697
0.3820236702148605,-1.0,0.689924025385463,-1.007351082162844
-0.25783835313970327,0.39464938368254,-0.8899510038577179,-2.547057881890945
0.20551421966460315,1.0,0.8315321966025317,9.201618211880945
-1.0,-0.1452877337621188,0.73351977765719,-1.137543647120281
0.1488599284051899,1.0,0.35050575640936965,7.153821804037717
0.2569424488148071,-0.8057967933869681,-0.4214337266138062,1.7766414084910438
0.04206227811365726,0.37425504226985007,-0.3650129570799574,0.9776941476069063
0.7151898936841137,-0.7678336134877752,-0.5953929788295995,0.9765712962951144
-0.37997704272536215,0.7393502411017869,0.9032043444710156,4.82371169633787
-0.11120582228771303,-0.02302305270115168,0.045450993473761025,0.37286795738663997
0.6990171364457103,-1.0,0.5563750050175436,-1.335531914318218
-1.0,0.9302344098229469,0.48348810895827943,-0.15560731566349664
1.0,1.0,0.05223066612994898,13.901985345353253
0.08372768089793547,-0.43830096183488854,-0.7783300225090792,0.04251637409882075
0.18527826258909652,-1.0,-1.0,-17.80954560411038
0.5262513851313655,0.5342540951223358,-0.1787184173197509,0.6580356183009588
-0.4176780118736225,-0.38696058697765334,-0.2292124267082869,0.10044806090075775
0.8855318755178083,-1.0,-1.0,-28.990567681735307
0.2597590315553908,-0.07935514414310929,-0.4085977133006813,1.5849856604808488
0.48955370298218326,0.37439878474252564,-0.28762855709591983,0.5241775149583537
-0.03861839868152739,-1.0,-0.878894769754538,-10.585479203196044
0.6235101610463138,-0.7116481445940888,0.608737825288276,0.1776456541548339
0.2417077320883294,-1.0,0.32594978817619724,1.4191067652522236
-0.5699853387598337,-0.027657790933054427,-0.8828555787787364,0.4547824430740891
-0.8113544505849974,-0.43349184898293425,-0.521938105814538,0.29904798506178576
0.3485182914756402,-0.08804765897139011,0.45271156749630115,0.14545527955507187
0.12141252360022792,1.0,-0.08909520904296886,8.117266079209214
-1.0,-1.0,0.7721248968988299,17.722949819350525
-0.33279389383069735,1.0,-0.7158735052555432,6.742207628013846
-0.17225288686621498,-0.2550703603424973,-0.2852631919102704,0.35218864068272976
-1.0,-0.1698306874574611,1.0,4.928527308743233
-0.341313795669006,-0.3042508465647005,-0.9378023871743233,-1.5860639202491966
0.8137065802527004,-0.28409585865380493,-0.46491900352505033,2.919737435203357
0.39908446070814674,-1.0,0.49943809758136104,-0.27466700323415155
-0.16865130194017075,0.22824830107273075,1.0,1.8308161434754153
0.13629441746110804,0.6567192240028938,1.0,5.439489450324027
0.9830226772828794,1.0,-0.0773020278170915,14.097946127740173
-1.0,-0.950608263819674,0.5535001218770206,12.287007697222203
-0.9694760596056031,-1.0,-0.1197230245435319,6.983093443600515
1.0,-0.21474874343807526,-0.2098153209937692,3.98236967845226
-1.0,1.0,-1.0,21.565957520606208
-0.17269638583718527,0.5390884127356725,-0.2132619180726696,-0.5598509597159851
0.15823743486957054,-0.06007267309009001,0.6356723530086728,-0.16939513829579161
0.8057465290670844,-0.16971314245885605,-0.759355877480681,2.2038762876646247
-0.7325160508730151,-0.4321596354074204,0.5963731243356534,1.9923309630802675
-1.0,0.40335289364679094,-1.0,16.48908085001352
-1.0,-1.0,-1.0,3.058015624582251
0.6217119709117176,0.15057090705871468,-0.9139648354827612,-0.32434659006389954
0.971649272585682,0.36988598577927867,-0.453413857984466,5.396682311527915
-0.7071850621864257,0.9497814865491501,0.19825069926441996,1.862415425647437
0.9126319165184229,-1.0,0.3246617929300568,-5.680697767288802
0.5917989231558853,-0.11908521336707767,0.040545539464125424,1.499292141269585
-0.9893535451223834,0.078771180610125,1.0,3.5958097611509405
-1.0,-0.3316151907184248,-0.3549785024607801,-3.2496604417552586
0.034690516499698454,-0.1947963039193754,-0.6083609168721362,0.7722447361898037
0.08924573077332876,-0.7397392830048666,0.7754647612344461,-0.19537343343050423
-0.9481214500478921,0.42821928436079637,-0.26659298105568174,-2.4948574147796516
-1.0,0.2149180069012313,-0.052184154628021506,-4.484425499317991
-0.14755637689697365,1.0,-0.07444725203846203,8.147724422432127
-0.7615762699400312,1.0,-0.4065755398765034,4.5333309939465645
-0.3109759652521713,1.0,-0.262934307218301,8.361022339753104
1.0,1.0,0.11094416046058364,13.471365730247378
0.22176404269901084,-0.05580169055349016,1.0,-1.5952227019402079
-0.617944398572192,1.0,0.022360029464800757,4.688719075942478
0.01721047847477042,0.5836066122984842,-0.3741993329138116,0.8143106697509026
-0.9114776178758188,-0.8086282846378661,-0.14469128421585853,4.066635239574486
-0.898812737517364,-0.9434752144267551,0.699508802637339,9.515554591991027
0.41337802248770417,-0.1647751090531686,0.5826907801711203,0.6037950434695649
0.3429961352310067,1.0,0.21558871634909327,7.659177846983529
-0.23906874471780237,-0.32638178159819575,-0.8536821907825791,-0.2888922643742611
-0.15800945344242256,0.05310038330537292,1.0,0.557927150091618
1.0,0.3155081211033208,-0.5037070978903424,4.860174189019673
-0.5419211153636905,-0.9965960674131646,-0.10579319564691292,3.4972005537157864
-1.0,-0.6050266000737805,1.0,11.316992532781176
-0.6655009302302326,-0.9098421861491686,1.0,1.5982884305677334
-1.0,1.0,0.8373590523414915,5.063784847826736
0.43843236339596525,-0.32881226297544996,1.0,-2.4852507382083093
-0.47636233705906617,-0.22514355709461742,0.5818825725315206,-0.6675746823668122
0.6209309612210074,-0.5585411356242387,-0.5269104719062221,1.2856467756556214
-1.0,0.010302583209145677,0.14110191435325303,-5.207659052009793
0.04722347216294409,-0.053402422994617504,0.743444887317432,-0.3062122751148622
0.5516612053788303,1.0,0.41220582122658556,7.283630832095913
0.5441112227090292,0.4988704156554249,-0.042983069012804576,0.7350573965346483
-1.0,-0.5563851395289552,0.0058893887068594,-0.850397662179337
-0.27999219100603967,0.8109492738630313,-1.0,-4.062337926976115
-0.20100456439497516,-0.8551196056525516,-0.7294243969120784,-1.059130770548733
-0.07611335856809731,-1.0,-0.9132593783937992,-11.247286354591656
0.15301478169668314,1.0,0.42493212180969286,8.171870395848646
-1.0,-1.0,0.31947112301330916,10.41096814703568
1.0,-0.5867376395105435,0.48111984036455024,4.1649255272728265
-1.0,-0.4598321107559986,-0.25990312236773505,-1.9123642496296533
1.0,0.32308501992275795,-0.5492996203754765,5.277355452897231
-0.5485010809068556,1.0,0.7523934751401646,7.852740696384426
0.023886426799707206,-0.6705092868775968,-0.8727421759575817,-2.898574842668051
-0.06750601897825792,-0.31244967684400726,0.3584010042638335,0.7208903827618978
-0.07052044293860638,0.7830875651643132,-1.0,-4.243107669927557
-0.6869537478358618,-0.7311642266372977,-0.3374765209855539,2.8741431270225135
0.9725937360028494,-0.6501008035969715,-0.444332562976274,2.0957643743871555
-0.21919282156175135,-0.5748625664896352,-0.26385407254883964,1.2388101543637544
-0.33503380246644343,-0.4371749132092837,0.14557349283196475,0.9042959364328511
0.6047871858792524,0.7564480266823435,-0.4233319383813612,2.667700426974998
0.471320747742634,0.2508994265412192,-1.0,-2.7951150386090826
1.0,0.39624981521865266,0.07327239883120251,7.271444458176647
1.0,0.4682174375367527,1.0,22.307694558611374
-0.7042921523623074,0.2542700552542796,0.6189832710190932,-1.385286936565945
-0.4039883390358532,0.6181732420319044,1.0,5.158011846700383
-1.0,1.0,0.6839608530711778,2.3798219161035874
0.004088311124274213,-0.9762807915323406,0.37427892194891377,1.5463383486460298
0.3861348534326452,1.0,1.0,9.988685693572258
1.0,1.0,-1.0,39.08560043507312
1.0,0.4330482743750812,0.5813454355232,10.384996465530424
1.0,0.808012305242686,-0.13497858452894174,9.032622924341613
0.1491591527707592,-0.5632296912812398,-0.5042636646017449,1.162563862049889
-0.26292671739920026,0.3924593377347101,-1.0,-3.608724382748708
1.0,1.0,1.0,25.603122417466516
-0.2012191179235634,0.4945539661007823,-0.7871126615050388,-1.5148950321953734
0.8966034714584743,0.15239098684853292,0.13575986826095332,4.514934778474641
-0.3260735402555661,0.06948472018161755,0.1534240032452454,-0.598754718629767
-1.0,-0.9675861106962724,-1.0,3.669468342354427
0.06341693712869345,-1.0,-0.9471377341718532,-13.581374880480613
0.8379883745750536,-1.0,-1.0,-27.779066885122898
-1.0,0.017249113458849274,0.5628963131956615,-4.211449942773461
1.0,-0.38164239937567634,0.03217403862524715,3.291018113747928
-1.0,0.5438224554258526,0.18246194094180357,-3.536402505021587
0.6325880259922596,0.01805581153799496,0.9209890044753963,1.0327133836625768
0.7390042421776524,0.3947795875356761,-1.0,-0.02664190652989777
0.5669242887368007,-0.31146591770511023,-1.0,-4.815388217680357
1.0,-0.873267475285973,1.0,-3.370264292159688
-0.6557576988785419,-0.19444909193124071,0.04314849476888449,-0.5732675723629534
-0.36790170348469275,0.09136389711350801,-0.18032701544313245,-0.6134289180386686
0.12822059733021107,-0.32289256009389655,0.8101989293022442,-0.15465868692034354
1.0,-0.6699057812394127,0.8999668925534503,3.533298801721712
-0.6216917442361971,-0.2848795301288243,0.9574560008371367,0.4168470139183693
0.40272097997873657,-0.47956647447561385,1.0,-2.2579184090431736
-0.24606020099841697,1.0,0.7368339236591699,9.795391525317111
-0.41368123483039154,-1.0,-0.5260846728019155,0.5419530394820273
-1.0,-0.5727472216182532,-1.0,4.8003306488072255
-0.5289646450104979,-0.00837569507324476,-0.8096141184415868,1.227008850685586
0.8869713890560922,0.08132537484019364,-1.0,3.1200014997456313
1.0,1.0,-0.3926743067050382,18.2363005604582
1.0,0.5719828248848469,-0.21909277356436596,6.120250745849539
-1.0,1.0,0.23459550887282554,5.632960008482677
0.12795694006210456,1.0,0.7948932453296986,9.373640454314152
-0.22753249163664768,-0.32004983988806224,0.4796908402853679,0.3366215201508673
-0.5231576115879217,0.47032090524300063,-0.4035486464288498,-0.7747728412387855
0.45975110509136896,1.0,0.10534695482425471,7.3969639930477715
0.7008245539446991,-0.7505499585629929,0.12094685422754115,0.42440626329413705
-0.5610548284241845,0.10766673526790749,1.0,1.8155129739806195
-0.12458151406224482,0.5586470903394682,-0.8471425137187953,-1.3410366052831908
0.633513243471509,-0.2896449256286173,-0.26445649630498935,1.4085750566725634
1.0,0.09186040738546675,-0.3336624924202347,3.969789108076003
0.4560334678558331,0.09426708084726143,-0.496868080777074,0.9434480300938052
-1.0,-0.301530746682231,-0.14621567545753877,-2.507090978042434
0.10525355674428627,-0.9973940429452035,1.0,-6.798093030783133
0.4131473234906695,-0.6879307908185228,0.38540094440985984,0.0810574246402862
0.19847237109898508,0.7125118483879351,-0.9724046716246695,-2.140956082722053
-1.0,-0.5381070499297831,-0.494923962577444,0.07213536071553173
-1.0,0.019947840284227025,-0.5141213826968389,-2.1269350702052323
-1.0,-0.823902622642827,0.5024946411405908,7.722039211232553
1.0,0.6739457159139193,-0.17436991464055374,7.197219822699934
-0.36474093150725495,0.13970338772329738,0.6581052595691461,-0.1301070578474867
0.24200886999854565,-1.0,-0.14214729305353435,1.7932964091077794
-1.0,0.6182006961455282,1.0,7.137040515525477
-0.7374904252567454,0.3493873957289084,0.07164293720891823,-3.1957153275485273
-0.8171834220174563,0.9222371719510147,-0.8718706198301429,2.159304162479697
0.2161333944018089,-0.15139232789390178,0.12646534830818057,1.4684378260768916
-0.6991466616902382,-1.0,0.5993754036751988,6.515290178710485
-0.7031057317971772,-1.0,-0.34034876491729893,4.611378765448327
-0.226874206992554,0.14957395238363014,-0.48497688839914477,0.3395657097310507
-0.2800590585936962,1.0,0.49260790505816554,7.875114017418619
0.515705795736328,-0.980592220133583,-0.34564165139479885,-0.7405617530728257
-1.0,-0.1761100347067408,-0.10338681032822294,-3.730726267744626
0.25638216906698164,-1.0,-0.054784549274030425,1.3507784850558853
0.0107397688424542,-0.5977683480024045,0.8527219581019638,-1.324017551037591
-0.2592824524264674,0.39656664013078813,1.0,2.7129206494424727
0.1766043109989197,0.10178422395173814,-0.3179823577442171,0.4902801844811844
1.0,0.028613704215759483,0.9690938933444653,13.002562404212577
-0.1703987341315214,-0.11531054903525306,-0.26430009397502885,1.7150977351552195
-0.5925865164567543,0.5474289544644368,-0.6141218480110942,-1.9301423979026597
0.5432414166215327,1.0,-0.3631450512297316,10.465042184705503
1.0,-1.0,-0.5502245315163661,-11.425730910575515
-0.40183625727414185,-0.43746806739971844,1.0,-0.24338943127763923
1.0,-0.016317254316216,0.04906420424427371,4.462365580101725
1.0,0.2635994410840867,1.0,17.06321077697869
0.5540631265472853,-0.15436512383960377,0.21675317128575666,1.475563367028003
0.2819921950835109,0.22952048355871524,-1.0,-2.6846755151447272
1.0,0.2318325385497264,0.8115069172352445,11.61549397233752
-0.6690771891505138,-0.7914446031004987,1.0,2.3522685233102294
0.8579943427687491,0.5727896092515115,-0.06380028703261376,3.278604520877101
-0.36825043739603647,0.7069123684349601,1.0,6.647505129677464
1.0,-0.8896918709989166,0.21621311211298977,-1.7698745133011677
0.3953734000410032,-1.0,-0.0372047220148759,0.8584746454017164
0.7633373571984696,0.0842277057416283,0.9238772376581137,4.204307312019684
0.27273112076085915,0.9130980237538846,-0.0601001452402663,4.362320170365115
-0.8524773063524766,-0.21456610588629332,1.0,3.5406666244417577
-0.47972139614209985,-0.2627325453349738,-0.049678103803992624,-0.1277347758918686
-1.0,0.17612408194558182,0.4610908697307554,-3.937759257994436
0.21715331983069208,-0.032088530693884953,-0.6139268135125417,1.01269446448633
-0.9609162080102538,-0.7878932926056927,0.24500191169346364,4.181947796773038
-0.8252071567636297,0.24239737767098957,-0.5660475700970828,-0.19750075629137742
-0.12783979883393415,0.6578884814585548,0.7838930333520038,2.1596769306256887
-0.8503757930881175,-0.41702877225560253,1.0,4.3859011789226585
-1.0,0.18597228403125032,0.9400670485632965,1.058582412078115
1.0,-0.8860318651712127,-1.0,-13.93778164529407
0.27148794721776004,-1.0,1.0,-7.881114165333246
-0.7137547569079645,-0.4940881774430068,0.3942693098023604,0.9094816020617464
-0.968409969783836,0.3134071290167024,0.9636406858535289,2.0191586383912288
0.5592905297553077,0.0373422894766644,0.7165297868111071,1.6267117407022877
0.3320138536476518,1.0,0.05243955750693541,7.931643038179607
-0.5973817123420191,-0.3948925957932694,-0.2762883717839104,0.5800392191462971
0.6617620198092917,0.7154357565787075,0.888108951846341,5.935331594470193
0.7036636570720423,0.9177449162574414,0.30911346199625256,6.122146676638246
-0.615966844318129,0.8106374811490735,-0.6973020860694574,-0.8904845875008777
1.0,-0.2205212417955893,-0.07731870384516104,4.343318393276109
-0.8577537854684998,0.9458402033392608,0.011423770665073496,1.4078861318465408
-1.0,0.1081290882726651,-0.4221655781906173,-1.9845175901215812
0.5135637838278371,-0.6489636214111689,1.0,-4.297928710291131
-1.0,-0.04370705998078517,0.1252334964993509,-4.3782083433589305
-1.0,-1.0,0.45736289673545305,11.101411387966493
-1.0,-0.4869111311190595,-0.41927624151957366,-1.283252414053549
1.0,1.0,-0.5177352891835327,21.15790602427607
0.7454164140078747,0.019119121936576944,1.0,2.469444129322784
-1.0,-0.40916219599687675,-1.0,6.01590714498678
0.7627587212915707,0.5665980184400803,-1.0,1.0132646198910291
-0.9942297706623366,0.8333897130167609,0.6570503792925613,-2.73047546631617
-0.600701734180707,-1.0,-1.0,-10.109474901983392
1.0,0.31695384268999427,-0.928016631293352,9.98068546909661
0.4557300979521868,-0.9375986087009873,-1.0,-16.050984599829444
-1.0,0.5876287018965678,1.0,6.9263496904467505
-0.48262640723798556,0.6137294603291064,-0.0634206606426353,-1.5413842586941937
1.0,-0.5444713924845661,-1.0,0.7816946137579629
1.0,0.7552997474284711,-0.1901421009142943,8.06048007422511
-0.4647245964087747,-0.13745411642666427,-1.0,-1.7649185120133193
0.7472142029556623,-0.8799325914093867,-0.021683670445465708,0.3693002947457016
-1.0,-0.8863792119872063,0.018196847845725728,5.654325342295374
-0.06962709866596883,-0.5333195962249819,-0.4949138750291924,0.8260936879751577
0.13583825620985346,-0.19359902399450202,1.0,-0.8560896459486873
0.06622674600684153,1.0,0.20360699099582336,7.905215695014926
-0.6884258050004333,-0.10340964264669816,-1.0,2.0164242782888078
0.7315808655821348,-0.013293340519044294,-0.7277636577117632,2.050134948117888
-0.29161522625585246,-0.05628588626700437,-0.9022700841098346,-1.0519430317371112
1.0,-0.4466637774437927,-0.5432595860901503,5.307959620578332
-0.08246059118532156,-0.8445947080024885,-1.0,-10.0525959449538
-0.6408146840370712,0.932210995801386,-0.9425776780414616,-0.8420384148390408
1.0,0.1583261658497992,-0.4488906361101481,4.966047584057374
1.0,0.27624864128306537,0.43469229466597925,7.782101105419009
-0.3793685543563001,0.3176728447477968,-0.022488292341228622,-1.139833962036101
0.25981033913525464,0.07020921910022615,-0.12884370511842702,1.1276795157533572
0.14904504496111248,0.05171183776073862,0.1262592354247669,1.094051058282008
-1.0,-0.7128837690408019,0.40447531577780294,3.5062760395395802
-0.9324036068904822,0.6109827211158738,0.41697504026880816,-4.44031736122638
0.7352106806864707,-0.5977473618210227,0.5230090121532662,1.6415502353699143
-1.0,0.22286739551507084,-1.0,13.904875902475533
-0.8228156975977616,-0.0533704441029168,0.85184277144268,0.08531746282229274
-0.7890611314545659,-0.9616455613942987,0.4025107930900642,6.38513900399138
-0.152729216610058,-0.9236958720123687,0.8215400078178008,-1.481655493285356
-1.0,0.35829126710646597,0.029790004607479492,-4.081788715242509
0.7465928487395634,-0.5321165608442877,0.11638196133294265,1.3723953217141147
-0.02261605683181034,1.0,1.0,12.349996007000604
-0.41346530590035924,-0.91358606375658,0.3259857834866573,2.867108212359263
-0.48863161378680475,-0.19307459204891964,1.0,1.7609973728783221
1.0,0.719327658145797,0.6815079811397504,14.72954923049441
-0.6407155271140217,0.4516120423149603,1.0,3.5974789817113773
0.4629309494689553,-0.009926386326014391,-0.2211987576270531,1.2019316906723176
0.22159903444582785,0.165218290782575,1.0,0.961793474747681
0.006263985186389931,1.0,1.0,12.884371079675692
1.0,-0.5321045740854726,0.10509799164236289,3.334973073482768
-0.8365556358351991,0.27954281947885407,-0.34734769367582374,-1.9561932521304308
-1.0,1.0,1.0,17.583879750446602
0.2773507692310344,-0.10534897505979579,-0.8933917931598048,-1.0784875351284429
-1.0,0.6060187330695432,-0.9174494475420407,12.957708833688326
0.5908417959927055,0.2671031835213722,-1.0,-1.2401755266580348
1.0,0.5354518955438461,0.9222925712426786,18.969768786855397
-0.5107569069030289,-0.7144902181943533,-1.0,-3.7801497514919404
-1.0,1.0,0.36667100931623553,3.206247929631852
0.7013937389701352,0.21197606511633915,0.04838664159334405,2.311579646715868
0.6730097483353075,-0.4082621262454553,-0.5777286700488808,0.8859378655345207
0.8850420983002159,-0.5740881688031236,-0.24932330752024745,0.46066228287590416
0.5524084174210144,-0.7356429875452486,0.5519625496141152,0.3561600081698373
-0.583864551458424,-1.0,-1.0,-9.355085124998212
0.5470779981605933,-0.4876575812636095,-0.6933449772516529,1.311439168506205
0.4725022396849079,-1.0,0.6868239998315606,-1.2634050787220055
0.15906595271959678,-0.7705729821428007,-1.0,-9.414916291041118
0.5514593241842229,-1.0,-0.6393013024349448,-5.707377558553992
0.03306482646562903,1.0,1.0,12.265439496185335
-1.0,-0.09363386451698785,0.7064581376226469,-1.68338667591956
0.8022365820915525,-0.282842523497681,1.0,0.34839853049725306
-0.9295455056046793,-0.5008420110555696,-0.4803705847179949,0.6374783385121788
1.0,0.5560400526611466,0.933863948066654,19.67612631658533
-0.5281373985502229,1.0,0.4860419925611337,5.696981764572905
-0.5221823438027842,-0.038583245474430594,-0.18200283764014236,-0.8000482384516954
-0.4708549795085175,-0.28842178703365007,-0.7225840632272893,0.10300226815591346
-1.0,-0.09650823647667273,-0.3304698659757266,-3.456950416629932
0.45593077297305395,-0.5502522168153281,0.28476278260604015,1.719791619062133
-0.41585367074952173,0.10890697609831013,-0.1328809433187721,-0.29975951322224315
1.0,0.9721754745231135,-0.45112367330958425,16.130704425518875
-1.0,0.23231163082730122,1.0,3.545629807768399
0.27408969076213974,1.0,-0.14653916748141382,8.185643769701288
-1.0,-1.0,-0.6224737788906807,3.9990701610366854
0.842352766148337,1.0,-1.0,19.61194981103532
-0.4596596287108208,0.9469399449325782,0.3587569059444742,3.041094010750523
0.30266607059524553,-0.07568199085939975,0.8236578172011024,-0.14676941577000968
-0.20697823707610707,-0.6348858902624814,-1.0,-6.161620663852482
-0.7084387852087357,-0.6943703423956442,0.027866416313329312,2.369442599761133
0.22534098270561875,0.1182035697042354,0.07081284201428373,0.5485769249899262
0.6737032642428973,0.3256020495184322,-0.5705337660950467,2.013070537270941
-1.0,-1.0,-0.29387323731241843,7.169759557938442
0.0519808905018444,0.5154421720156039,-1.0,-3.313578686174619
1.0,0.5023418752909605,-0.7053015163225309,6.932652202183184
-0.5077275519305557,-0.17363442776614013,1.0,2.2647471796556964
-0.8725235287522728,0.9875334571914933,-0.0015236329584558117,4.079187829463676
-0.30457873289439696,-0.8221366852754299,-0.7661300347880953,-1.8920822823759422
0.09679625129400926,-0.3529898651492551,-0.951484168937379,-2.860105828702584
1.0,-1.0,0.46209921780503005,-6.4265502263414955
1.0,1.0,0.11762307588742571,14.455181103103453
-0.46019589981851405,-0.7612357582638061,-0.943202110207422,-4.171388028410086
1.0,-0.4486816084618366,1.0,5.836024329061721
-0.30344689249261725,1.0,0.587536900938586,7.5571403741976155
-0.01715685551463575,0.3651004656023631,0.07799582897454305,0.3871640758265599
1.0,-0.05186378042140749,1.0,11.864514887221418
-0.24388344944546514,0.7391569195204208,0.034019248908785604,1.3200769948474516
0.2442168937726621,0.23258657930186066,1.0,1.0292768602046187
-0.06976526018043705,-0.014258794723878587,1.0,0.7819520719332682
0.15560232684183095,-1.0,-1.0,-18.57702021450723
-0.08302914045640697,-0.8848270129844102,-0.5059952416344373,0.7914872762003681
1.0,0.03622701877091283,-0.1716966565536604,4.070657190934521
0.3583009381893303,0.6203878750795739,-0.6623706042248267,1.745820703393742
-0.29453105595124507,-0.7589873033135894,1.0,-0.91692715521103
0.21882356020710225,0.45834442678473764,-1.0,-3.330678242713051
0.15432038224544153,0.5079004143490387,0.7181643807256517,1.0475428752994764
0.9397775613149921,0.3122923476931254,-0.45293996362588107,3.062915554794495
0.23115193484654295,-1.0,-0.7530948003960876,-6.344461232590236
-0.028437921426776702,0.46641164423927495,-0.964906737148078,-3.1791819926980276
0.8988207536034776,-1.0,-0.800412280191928,-15.453594928235956
0.11681690202962569,-1.0,0.7228575729644329,-1.1607651887833943
0.024259708068074648,-0.5570566914366213,1.0,-2.0443405961062466
0.20662685464058805,-0.4379688761311191,-0.8812140110963975,-1.9346958386926139
0.014496345275414546,0.3854123260999138,0.5781584372873483,1.253644864226184
-0.7659929265229057,-0.007800922556495893,-1.0,4.22680165212102
-0.2627211219629497,0.12836320559004832,1.0,0.7236404461481121
-0.08970811357859776,0.5580950088384187,0.7093695601471213,0.3440924835657717
-0.18354153515627547,-0.6747707700754002,0.39045864821382303,0.6986258179187087
0.314148378403198,-1.0,0.704299133625141,-1.4549320574077005
-0.4974502921027515,0.30732649776830434,1.0,2.546819317417507
-0.8939086060247303,1.0,0.16617351917093215,3.1387876260716805
0.941275757345216,-0.3854582452224131,-0.3399467757488861,3.139174756287002
1.0,0.5321055103341243,0.21832382797220973,7.464857872452877
0.051640128581583955,1.0,-0.06665985001075292,8.804953817679074
-1.0,0.17806077229735084,-0.43657683388110735,-2.3063626238167907
0.38940077165292486,0.6307719661328295,0.2162662544543026,1.5016377640519398
0.7988611025922443,0.12341195605552291,-0.24599265885345467,1.6513529464031478
-1.0,1.0,-0.6786071536147338,13.093605642954866
0.6131362769255086,0.0585834489999304,0.015994120890701735,2.2968490732998523
0.2658522972577302,-1.0,0.07545365375641322,1.2897173549548648
-1.0,0.20665781158389218,0.1094625609387132,-5.787631705085612
0.5329752266687084,-0.9893722249146233,-1.0,-21.35163795998406
1.0,0.28152074768462465,0.670971955011364,9.904703938788542
0.49604772006807707,0.5995735008581071,0.7797875592606871,2.197077157515407
1.0,0.1096789995181695,-0.8905481362817338,8.796201600784785
0.79979371822438,1.0,0.15852635252522074,8.893642331892181
0.712903726716603,0.317762453663623,-1.0,-0.11021916028577433
0.9278278264018496,-0.4994753651823618,1.0,1.81429954664263
1.0,1.0,-0.6120389966881872,23.260715414671317
-0.8360166211088038,1.0,0.3066170379129465,3.7138399149549506
-0.3152513362362075,-0.23649896028157058,0.11174058937331499,0.3026745810307681
-0.5510035295313698,-1.0,0.28878158352307204,4.394931099851934
-0.39108844527000675,-1.0,-0.26098182785145907,2.9149177411582863
-1.0,-1.0,-0.49475822956142435,5.09773918217214
1.0,0.5824923680288805,-0.8524761761497233,10.373158607168456
0.8160969118266967,-1.0,1.0,-6.1091553056169765
-0.12250469184865898,-0.3820523149782298,0.8136137778342336,0.25807432386949697
0.8640479196265307,-0.20025307589978114,-0.7702570860161597,3.1677942364474374
0.3305535715624226,1.0,1.0,9.368127151838733
1.0,-0.04836519136633921,0.1539811344273454,4.9079532265909
-1.0,0.7961084835109342,-0.6263656140951839,6.564626229764832
-1.0,-0.6454625011333521,0.1750822801183045,1.1617671267137506
0.7447889610267864,-1.0,-0.4984945649986754,-5.777805372263741
0.6661777273136662,-0.7445575095179531,-1.0,-10.396372808474535
0.46237214263542104,0.055405689576314865,0.1764855192508359,2.1037907349310108
0.2814872328834721,-0.3470048130378003,-0.18231997899331653,1.5273573336938588
-0.7870514738951531,0.15007937169288432,-0.5755421344170188,-0.2796038962875107
-0.934767934708796,-0.39534854831896116,0.06951211436182225,-0.39046433788611334
1.0,-0.5937205567200492,0.31886404559400283,3.324135753071012
0.8709999630882701,-0.14753778626928327,0.011344455304596268,2.73287020789105
-0.02105572974414227,0.9751320342084775,-0.11011146977830877,7.579164466597083
-0.07813476961745813,0.24139593441982998,1.0,2.227938130985608
0.9936022987288211,-1.0,-0.01396828094880842,-8.457218296942123
0.008357408393653953,1.0,1.0,12.1997809004955
-0.1571075437851992,-0.6059212268854384,-0.374806388452807,0.9083152121106688
-0.5838318572275192,1.0,-0.5831908317037375,4.705238404003492
0.4540479270263056,1.0,0.7907679894819837,8.332680092139356
0.8122604609525237,-0.5330561133471996,-0.9843144987346046,-4.301741134963789
-0.11583764968382604,0.25121296394062,-0.022595106597290915,0.08294999412169048
1.0,0.04083619929973037,0.894240652742055,9.9568107374885
-0.3218017410243532,-0.4391150378034361,-0.17221600100979617,1.0115630863157679
-0.3944731021335379,0.17847286016419117,0.8052037222955297,0.517014835009338
0.20680270047500415,-1.0,-0.7525891396909012,-6.374381377956211
-0.5122014240499531,1.0,0.058696732627244064,5.865295929256091
1.0,0.4369637620872373,-1.0,12.186063446647621
-1.0,-0.46503764380310564,1.0,8.238151583814894
0.4606459838622232,0.4598362396177986,0.28561119087990705,1.4814108704327469
-0.08187350107824232,0.29980455840183784,-1.0,-3.9872630395616255
-0.41610477020066305,-1.0,-1.0,-13.803537183496967
0.18706726435135446,1.0,1.0,11.293205824971603
1.0,-0.5984172253828755,1.0,3.3459366524061065
-1.0,-0.2184902624152485,1.0,4.7278483444329416
-0.7490312577738716,-1.0,0.9393762300124573,5.285800388868729
-1.0,1.0,-0.9277452628428489,17.90195024035703
0.8023854293880317,-1.0,1.0,-7.292826650106386
-0.9612953694114119,0.7734186418120959,1.0,9.985463969355294
-0.720867484687276,-0.020253504868774197,1.0,1.823971493145782
-0.11281835682883723,-0.9039037727626369,0.7115492450570664,0.40818110896065923
1.0,1.0,-0.4509529903037759,18.429110203023622
-0.86928120986448,0.5269862161977905,-0.03962477876420767,-3.22937175262575
-0.26683247335697424,1.0,-0.3150054404727918,8.960601276137496
-0.6548080026875305,1.0,-0.5163393974498061,5.262045506389529
-0.8917693015793036,0.16768356528578465,-0.3883661962806386,-1.544823783316695
-0.8136006460341947,-0.14875767864183032,-1.0,5.364344323214324
-1.0,-0.677800519112663,-0.25713599695084866,1.0044099440715983
0.24606082964425569,1.0,1.0,9.204737831141879
-1.0,-0.7832248037461995,0.4406835464461638,5.828667446787884
-0.09239187058813036,-0.5107760733016549,-0.705345579561482,0.6454785956336004
-0.6371064929093067,-0.5341895141959687,-0.07571343755567983,0.4502551881508383
-0.42669839566201606,0.39072511005602184,1.0,3.2394212486078247
-0.1957070988029106,-0.18684638073209126,0.10952243154481667,0.7115291650832092
-1.0,-0.3759596848932283,-0.2117787460912386,-2.055535629491471
-0.35748385439434527,-1.0,0.30085438953228416,3.071300504509594
0.33104861817192677,-0.7000580293902086,0.29742959074526754,1.3920241519805792
0.7739711120958133,1.0,-0.6224173830020845,14.220754292648566
0.015208599513478749,-0.4699586356885428,0.8576998557483679,0.26551208987061614
-0.034215139564734764,1.0,0.37630920476850016,8.737552550541182
-0.45447537794381176,0.5926743984902565,-1.0,-3.957515598931927
-1.0,1.0,1.0,17.082455085213212
-1.0,0.7473119553965422,-0.5492364078426211,4.632365702168165
-0.08889971786338102,-0.32872360666404155,0.320186137350297,-0.02001344852982323
-0.38768989557346156,-0.3925504507985431,0.020345088996223337,0.8381325941614348
-1.0,0.9085560897736471,1.0,14.208780506078494
0.29249183593008254,-1.0,-0.1679728783469907,1.2212352690251302
-1.0,-0.4137241699521492,0.6164126226336224,0.6626808355074978
-1.0,0.04876459133428224,1.0,3.447689316288817
0.5574500000180196,-0.2451888521746961,-1.0,-3.3683177570374667
0.5870556765499975,-0.07034314122442908,1.0,-0.608970411883629
-0.8865402500630504,-0.5155794674420109,-1.0,3.774615059587093
0.0657000567566286,-0.015100047524671423,-0.9538731720441938,-2.4368900335927117
0.9719728739335383,-1.0,1.0,-10.087447498763828
-0.3195604107392531,-0.08846312997862049,-0.025605363305694073,0.23835647649575004
-1.0,0.4304420147480077,-0.483792149769505,0.16733997979385248
-0.8140684520024666,-0.5273826120156668,0.12213799901753108,1.1015641023622913
-0.37377104724161847,-0.15043135287754095,0.39336229369420983,-0.09422618363588209
0.5496556275174669,-1.0,-0.4167289612294629,-1.974971519218092
0.06666417599368146,1.0,-1.0,4.375501870272381
-1.0,1.0,-0.7974425769865372,14.744745332008653
0.28158920419635924,1.0,0.08914154111374728,8.161402019745916
1.0,-0.8929217949032686,-0.7102342739711478,-3.8587043508845214
0.6633407106189795,0.8839293141501108,-0.14104010779152665,4.403052387774963
0.25737038163396786,-0.28998413843414683,0.4173996566181497,1.4393806150240125
-0.2895057020867944,-0.6469291239859627,-1.0,-5.961715601323784
-0.8450569406017179,-1.0,0.5115298747319166,8.010892087455385
1.0,-0.3229713111440735,0.4465986494652183,4.7880510444195155
-1.0,0.27846264133914667,-1.0,15.173932246937838
1.0,0.5203261836780257,0.7793680416754427,14.060254821176803
0.5092344392430741,0.655732155982383,0.791032671712744,2.259681440041662
-0.7507747989412663,-1.0,-0.6136224108304569,1.3149763999220605
0.4393000160459566,1.0,-0.5721633764675595,10.913165940717116
-1.0,-1.0,0.8344359243634158,18.36356491590594
-1.0,-0.012140808477837162,1.0,3.8850061834304723
0.33709318951436207,0.9674943693095288,0.6461751765210018,6.313386121542505
0.7514928491069264,0.08205226847874103,-1.0,-0.18638571888843347
-0.5477823245556039,-0.4263025425628679,-0.12938167531785427,0.4913753632021372
-0.40796809191975303,0.196977071257028,1.0,1.7087803344245656
-0.3035366047799368,1.0,-0.9862384718413268,2.220499555477608
0.7351735657048228,0.45164590508416147,0.2973956555267594,1.8859815278196932
0.38931180323761017,1.0,0.08474946920065962,7.51060538394521
-0.02814032502494679,-0.5155183340807976,0.30954408413469436,0.8027644626773668
0.3335731143292482,1.0,0.4282741087062192,7.085143032809018
0.7821926836435382,0.7355092504807041,0.6297267403451086,5.550162915480441
-0.16928663105519415,-1.0,0.5216069978584255,1.1416650273392104
0.9847006004127672,-0.16349172567204562,1.0,8.602649062108373
0.6372723834308105,-0.7699218304879045,0.34861612645730666,-0.054818037844594714
0.3472307433202275,0.017339428993278228,0.8323451488588776,-0.33289868264838096
1.0,0.2654060048998359,0.3762869956303996,6.555474888174857
0.367305350665873,0.042208855323258465,-0.04381171210537671,1.4150307368502681
1.0,0.1399206704703706,0.3599414839821471,6.722141442006731
-0.6546681392724683,-1.0,0.15524250944077722,4.401115918624391
-1.0,-1.0,-0.44104538778617464,5.170600615003464
-0.5548346006344465,0.37764473987653235,0.4865312605555774,-1.5097479656781614
-0.44654527540658506,-0.36754722429198905,0.5537749370414544,0.15803818044714796
0.5171400162874855,0.5522393677044721,0.04049475492358212,1.2039408335004205
0.1288204456209161,-0.6262572985674062,-0.27932448580223435,1.5214791607923448
0.9240957421550156,0.12306613456561433,1.0,10.644939773741523
-0.04136074118649802,0.32204263104817143,-0.2931589746780596,0.4580711858889248
0.8911433302314087,-0.4540089455927321,-0.7366685730849665,2.8414247097744143
0.08414097942539867,0.8801978241930168,-0.7717833895228217,3.912675780099585
0.42094235130933266,0.5434899243071865,0.737784662556416,2.673161411303346
0.9762005844201009,-0.7755382167726599,0.5865740291880104,1.173688680639766
0.008809543083703186,0.45211033677654533,0.22778684519033354,0.527910767965033
0.7350611542392578,1.0,0.10112153885053932,8.201443985560925
0.8482164408833539,0.4586148259490972,-0.04258519877162725,2.7229484012774936
1.0,-0.026747936351582124,-0.6513155370796753,5.919396642160755
-0.07544145704727367,0.5956016249051483,-0.4464026470761906,0.3808691957868847
-0.23157653879948703,0.2216123943393793,-0.6385989472231255,0.09414942984045413
-0.9302560744109241,-0.5052128142139443,0.9396520189525901,5.112942051319985
0.015488296198375773,-0.8672454544879324,1.0,-3.1971771096189032
-0.5063008841794578,0.8629684784428522,0.7447507894425016,3.900771883692612
0.3379789629013059,-0.29057884144931,-0.7335486396273618,1.0423176228496018
0.050571187524981465,-0.40032577997979124,-1.0,-4.302583687261119
-1.0,0.39399750575613113,-0.12428115794155237,-2.94710267467361
1.0,1.0,0.591655332265286,14.880049805189186
-0.18766838701948663,0.38078193372853186,-0.008427203248259074,-0.4119056663707799
1.0,0.7693555209972771,-0.1994762152502012,8.629305984058414
-0.28386478396488934,0.46860777807165443,-0.6970329275719631,-0.6021819958270782
-0.7871097736879424,0.15893070674378285,-1.0,4.300211297416416
-0.7735837890699682,-0.46572922816234996,0.5387600162051644,1.748323704635288
-0.9017839984952438,-0.2398026774217885,-1.0,6.857416975400651
-0.3094439561046056,-0.7671667758349441,-1.0,-7.238184506816893
-0.6444106240154894,-0.684889119438842,-0.976346587705132,-1.1933306622787734
1.0,-0.5898415137083408,0.5793379010606181,4.5002429353244615
0.5172955087541158,-0.46436813207033456,0.7765743768405717,0.8311579114653679
-0.7950927429073711,0.7053831195009344,-0.09579647534209101,-1.985501143732456
-0.10108866377790404,0.2183708697634561,-0.013113449114012354,0.08188837259929173
-0.4306172822672567,0.27075674462073973,-0.08548292916142541,-0.03833558072357646
-0.37125539351343506,-0.12440242874505936,1.0,0.49244031615660666
-0.1305607353887568,1.0,1.0,13.63705281943057
1.0,1.0,-0.27751493375296143,16.393328654224092
-0.34231077865775883,0.18520411083090105,0.16711110804043616,-0.6163177062508763
1.0,-0.20302703029766023,-0.33107534414259043,4.176539257933563
0.19536379954591565,0.5619665752439258,-0.6084465851044918,0.8451404706191313
1.0,-0.29401058690604476,-0.7779270625994836,6.593724060855758
-0.9300850881520486,1.0,0.5377276197038947,1.583826467581689
1.0,0.8071642268554116,-0.5091363313196584,10.236301075747635
-0.3318633779686093,0.23566353795239237,0.4249599689989523,-0.6625088049179697
-1.0,0.46243568924688705,0.3100941815992999,-3.6969720387877762
1.0,-0.1911572992160666,0.4340909868290799,6.024897027460594
-0.41813766586810264,1.0,0.8969352596422677,11.928739268565156
0.29010616791836075,0.7827771428450689,-0.12278714910317134,2.217038517489684
-0.7099645131812578,1.0,-0.48365328964462484,4.7640378009596915
1.0,-1.0,1.0,-9.553824378206448
0.8430752607744336,-1.0,0.4232687222910114,-3.5318318428673994
1.0,0.3366492092504454,0.6624084973710098,11.269223435471083
-0.7498845123700022,-0.14763488549587844,0.579160151587609,-1.2342631258878418
0.44554843828501967,0.43448324176404296,-0.39525526799875044,1.3693438593276595
0.23213392471368066,1.0,1.0,10.424133223479155
-0.12564316886480542,-1.0,1.0,-6.377922436840397
0.244133664771095,-1.0,-1.0,-18.314349005179253
0.08694539848767158,0.7893300133309655,0.18805586842315503,1.8467412353466803
0.1529507099508287,-0.3655321145312518,-0.8221377839776316,-0.8708697688022268
0.8972637263096497,-0.597794506744268,1.0,-0.1579350108617394
0.8617737983460996,0.19746396190135784,0.6506979782276294,4.446948900317851
-1.0,0.402438557947697,0.7630503672999618,-3.327728089797331
-0.2676384489552279,0.46138572855165805,0.08738306679174235,-0.4273090112048424
-0.4942066453879006,0.944377581000396,0.47431698018896284,4.173800991612235
1.0,-0.04725147111009265,-0.4641599329506729,4.0719874292810765
-1.0,-1.0,0.9036141819709749,19.643040416312463
0.6955774268276034,-0.25580458573197684,-0.43513726078156734,2.1728435269069317
0.04737258198335992,-1.0,-0.2636103562535812,1.9901213135383335
1.0,0.5626406088331135,-0.18488135523626936,6.59628129767388
0.3433080709723757,-0.9085945035898484,1.0,-4.797315187128767
0.3532694557503151,-1.0,0.18002421464546559,0.8551365779576705
-0.8402888160439441,-0.5018615344524737,0.6552496098951963,2.4933485456951865
0.3461724919874267,-0.49416685304200136,-0.489880582876288,1.0327747835967194
1.0,-1.0,0.14740201563452282,-7.940887816921268
-0.6261605559234353,-0.4585797059911676,1.0,2.227903919031299
-1.0,0.3542783934917191,-0.7086754114645448,3.4011254317582176
-0.5095829830562038,-0.18106536621416325,0.07114468117566997,-0.26635761162209437
0.17684747553992053,-0.41589324804862815,1.0,-1.8225924700023737
1.0,-0.6761234931559947,1.0,2.2925251524907106
-0.9540624979987891,0.9988520000241246,-0.10118215583888501,7.237195387444046
-1.0,-1.0,-0.8518829291549945,2.1677387623437925
1.0,0.6844936941048958,1.0,25.83494225511952
0.23576968479776417,1.0,-0.6289246585694779,11.116209060886007
0.916145928220983,0.4554145628706592,0.8537433949496931,11.113522959085296
0.12124553820364548,0.01062822968349919,-0.6549325929168508,1.3084016713873283
0.8193424719100779,0.4039554746315983,1.0,9.265805307133142
0.4703457070024617,-0.7591724173695935,0.27446809129202654,0.7315021753194572
0.6384878988367273,-1.0,0.593914042938791,-1.6684396138629123
-1.0,-0.15921562495111008,0.06001659034881879,-3.479052058853478
0.3191116086654082,0.20311169512288796,-0.030227029826217056,1.0905298422831888
-0.1374785364496478,-1.0,-1.0,-16.395209518186835
-0.5457924337896758,-0.8526478202150165,0.4973809639438149,1.4698487918564207
-0.07562733033812474,0.0651856553656931,0.40546564629758386,-0.042852143393960984
-0.18220871808059158,0.2759368632196624,-0.4830862022435667,-0.02434526840515586
0.32539538077308117,-0.17722821649807852,-0.4088892612353232,1.4548240641388543
0.6216295362077942,-0.025760470192027318,0.21955418495745538,1.6974459917358065
1.0,0.6304598446257954,-1.0,15.005351926737228
-1.0,0.9006277944142906,-0.3268431522110422,6.646448934856864
-0.9020749996784734,0.9086125457302203,-0.23260889255036066,2.154091538536155
0.8095430761420226,-1.0,-0.03916928451855761,-4.217954816825022
-0.15439480440501052,0.053703254557204705,0.5143599310273677,0.6698538342328119
0.801738046595502,0.19586205184073746,-0.6479889837061734,1.9712880219016122
-1.0,0.4177924697499982,-0.33756334380524766,-1.0778534078959492
1.0,-0.40699096705948157,-0.33458761534117154,3.636103800559634
-1.0,-0.06143644965723438,0.014375603883966193,-3.934481163724209
1.0,-0.5290368613483778,-0.5906097125687269,4.421489978533521
-0.09899585270486488,-0.9441800398747588,-0.0528155490469282,2.825879327787141
1.0,0.13470128956571648,-0.16599589313720298,4.977233380762246
-0.4295091810375846,0.45894079215343675,-0.7653379843228925,-1.1689857994521018
-0.007594913577321449,0.8160281154742424,0.3328550766516285,1.6281822128629515
-0.14593206321913144,1.0,0.30589592576789504,8.116629618625087
0.31172862034657967,0.25313796669440247,-0.839912575783696,0.14953898926569054
0.119551472538173,-0.04405960314286883,0.9651806630758963,-0.3199407185641646
0.19327678624936784,-0.2688410919741602,-0.6861797386160364,0.7900754322655215
-0.4614892523880847,0.9431909805140446,0.12907206571437202,2.8613379217987323
0.7116162133917656,0.10900250047023197,0.35220584610349737,1.8213463410938688
-0.07343631726852484,-0.8196743724994162,-0.300894956001428,1.687264155015429
-1.0,0.43572072180660104,-1.0,17.159099890192127
1.0,0.9139952966354263,-0.15117073232070255,11.723670217311053
-0.07535158998199432,0.6147801298726074,1.0,4.833080792372402
-1.0,-0.3228779584375301,0.5897164938768433,-1.0516394335165924
-0.2411056083089267,-0.322088671508554,-0.20386702006660196,1.6050393682723514
0.26307043835478594,0.3705315695891298,-1.0,-3.024614391284189
0.27321007477657555,-0.3390244373620015,-0.7722205979263872,0.3278842567686
0.8297056049413261,-0.8455135418759154,-0.5767208023203692,-1.1676392775620097
-0.9253811637852745,-0.2376233497651592,1.0,4.215335138898461
0.11694360549288829,0.9359495680018632,0.8267558099661159,7.631257729527758
0.02759325456266426,0.633774370036783,-0.870496907864915,-0.8770835578707685
0.828221366514819,0.5091095598585176,0.5658343664460956,4.684232531956405
0.1831411636463267,-0.32072429493439025,0.3513338918080451,1.2081857970845151
1.0,-1.0,-1.0,-30.173004161602186
-1.0,0.5339367530452725,0.32615241523378824,-4.056644017511513
-0.42737069107235204,0.5208069195050402,0.8644994149769742,0.6184908519331382
-0.03883605615268304,-1.0,-0.6525482283559239,-2.7574442756098287
0.5176127511278019,1.0,-0.8716579797324491,10.929392862035078
0.2710647974666358,0.5040348840752953,1.0,3.3819625373582336
0.5166441627733591,0.09734995517299261,-0.6035697834065037,1.0029383358985082
0.2665237184410034,-0.9544597539981063,1.0,-5.680014575616711
0.6086276627975693,0.4619898579646966,1.0,5.611853676986844
-0.08467242101226824,-1.0,-1.0,-16.26244158281328
-0.8632533447617694,1.0,0.3729782750969739,2.4875486679702896
0.42335932686356226,0.9254066300270585,-0.034967125466092375,5.451314289067859
1.0,-0.45030280890522967,0.5813778155303844,5.759605633648814
-0.49855547127836886,1.0,-0.047341069809365255,5.602737863929251
0.9675958000722731,-1.0,-0.6914687876143872,-13.367282013873814
-0.175416303589071,-1.0,-0.17999480212211894,2.4111315098775137
-1.0,-0.06563022814765995,0.08522473820818477,-3.958301680811873
-0.9733205785387291,1.0,-0.2705582948293346,9.203191781377823
-0.32288953132000153,0.3910018966970501,-1.0,-3.4238385860121237
-0.30812344720195295,-0.4225956188913358,-0.27229157761023326,0.045085575287644786
-0.6210709258955622,-1.0,-0.019024421393011304,4.103389106327736
1.0,1.0,0.2624224490873195,13.137947367372899
-1.0,-0.390457590969145,1.0,6.79094747308915
-0.00871852957752317,-0.5751604033613731,-0.7557929829861592,-0.19569085053476792
1.0,-0.033640236101826204,-0.5174125240003411,4.755593233788425
-1.0,1.0,0.4005143703795211,2.742672149843194
0.35081978526433577,0.9015685374835667,-0.04477494895506329,5.052187066332298
-0.8367657356454494,-0.4003937157938633,1.0,3.645882148889628
-0.670689807866137,-0.6793651230603381,1.0,3.3029584417586957
0.17068545909748511,0.44407192570434173,-0.45408335336403005,0.9336357784322797
-0.39196557539115573,0.025779746813338944,0.25163536839850886,0.16198986025425283
1.0,0.025036104499734257,-0.06339721369213747,4.231403230620481
-0.03328448861137545,-1.0,0.16541949976182968,2.7592018832816487
-0.09717271840113462,-0.201104508478829,0.04021380889721704,0.23405057789423078
0.30504813681219756,-0.3558816403730367,-0.2571347569422191,1.5270782228777922
-0.5492913656475027,0.48106329907532674,0.8491254265496053,1.2360877582941467
1.0,-0.3427856194923764,0.4677827947990254,5.238327053034965
-0.5871166057162833,0.9771554358591688,-1.0,-1.0830202686906594
-0.32550594418164525,1.0,0.20170301503103683,6.969138055142561
-0.2349235041456219,0.03150090963804475,-0.5226080095238159,0.2403085080402206
-1.0,-0.5665962672390614,0.11976034012133141,-0.15918237823204018
-1.0,-0.18335838989647568,-0.4385492334459511,-2.3977242666133325
-1.0,0.8367791356148662,-1.0,19.46047557270417
-1.0,-0.49681786928393445,0.12870594598633334,-1.3629586542084868
0.0968923021543997,-0.19476665440794072,-1.0,-3.480731460189684
-1.0,0.09796471202863,-1.0,12.085827835119613
-0.9481235365195562,1.0,-0.5533100728173586,8.723342551830447
0.3785144326681704,0.29829899493879664,0.70215451607506,1.1569031808605312
0.9606328205661974,-0.7472678900276979,0.4725968455701759,1.820256321629306
-0.24885136440867028,0.861312253694198,-1.0,-3.5652868661276407
1.0,-0.33514964720959295,0.135443644842139,4.562643778638715
-0.6217496284581308,-0.30983821208931706,0.06037656767010757,0.20004054290067996
-1.0,-0.3849306835451338,0.8941026890797106,4.170502252439985
0.02624633020222955,-0.884923211920903,0.987599166795311,-4.329294896580178
0.8326388584331632,0.9686277573101574,-0.8199871614473362,15.989355691827043
0.9531121742507931,-0.5236813913094536,-0.7086442255105425,4.111377779412367
0.8571086005963735,0.3949002027218551,-0.5791020673510807,3.194625206619438
0.4128279718050545,-1.0,1.0,-6.5392702942445915
0.7512052142775594,-0.30138868646978145,0.11358232722080586,1.9597678318437866
-1.0,0.31934729954928187,-0.7700419108746797,4.20676334670611
0.08619371063544201,-0.4998269832889628,0.28468241834215124,1.8884130647957187
-0.5669216568701987,-0.038354215502036215,0.8864386018928188,0.09118192098966116
0.0814224872936955,-0.6354409750356576,0.04934652985944199,0.9865447677191567
0.20046525941154902,-0.9862370564162393,-1.0,-18.132237467753377
0.13110683366340026,0.09293784754596901,-1.0,-3.0336210420547527
0.8351395955504162,0.7122490260440342,-1.0,3.3444981055228467
0.7094428348399546,0.0019010058363719828,-0.6326943091137069,1.39595578338235
1.0,1.0,0.7146503859991369,16.831660300981525
-1.0,0.6278972354598875,0.35536737594287837,-3.9022588115146544
0.5152701721688249,-0.13319736037473917,-0.35740607736886476,1.5263040730901398
-0.01751210339825926,-0.10084833876087895,-0.570710896676363,0.27072022533314
-0.25538264231338914,0.9816047309772358,-0.1728154999353524,6.443235455446861
-0.32025815785839895,-1.0,-0.6071291989523586,-1.5544603128691272
0.34206361518564465,0.37421879096275257,0.052326992672990125,0.4567166649871697
-0.09905638205469791,-0.0006765526470615679,0.39382287175337916,0.7730353104688743
-1.0,0.37199934538856505,-0.6538032035352359,2.5641995215139053
0.7022849039492545,-1.0,1.0,-6.885579065971771
-0.27938599994136615,0.6439962648763911,0.5748059744620937,0.23618917110850257
-0.2608600735618505,0.0512585706728812,0.07214960075760257,0.22470640362941852
-0.7762046733268197,1.0,-0.36591842313158307,5.033308497101879
-1.0,-0.7730369360407503,-1.0,3.8187661686360306
0.9209370897390388,-0.032636837680818376,1.0,8.346139985151982
-0.5723348839360807,1.0,0.7980409916120748,8.941434467757281
-0.8593276542151007,-0.2073118990750238,0.8850362135663874,1.5385716651785462
0.2114434541012642,-0.22307571689505457,1.0,-1.4207952231380352
0.006428476408395056,0.024596665188162614,-0.24030764527010406,1.2108555536350483
-1.0,0.09838545838299662,-0.8442640211952033,5.240569226751962
1.0,-0.5361363404831705,1.0,5.0398258759600765
0.12386547743331278,-1.0,0.8362638426879929,-2.5920589540320176
-0.1287852790599553,0.6489598032703119,-0.9992319755659271,-3.466389849709902
0.025153767780097702,-0.9475659658679443,-0.3484065722212437,1.2891236721513226
0.13236699541009012,-0.8133337023675469,1.0,-4.053802648005775
-0.2595832270207825,-0.9524353647568424,-0.5665014831326374,0.03392457272474861
1.0,-1.0,-0.44412459876119614,-9.748989869130492
0.7521244948129948,0.6720911836050307,-0.4543808592619749,2.0609677533891384
0.48764712275439503,0.14329383568519138,-1.0,-1.5450617642266573
-0.07445849627633927,0.09031601025695224,0.18565933862596729,-0.1741437183519668
1.0,0.45155858780778635,0.10197375105340134,6.562792637287721
-1.0,0.7000375518857842,1.0,8.76687945732175
-0.899363681041772,0.4898373856641107,0.9994095429533407,4.419133598274073
-0.011079503002731306,0.34432090718783037,-0.6490137255062596,0.44099894307170323
1.0,-0.8877999240040109,1.0,-3.817723599159296
0.09747276009543215,-1.0,1.0,-6.705810513611575
1.0,0.13113016606780437,0.45174474638310524,6.747874454856336
0.33937114691566617,0.8490588431809587,1.0,7.633484100069708
1.0,-0.27791080769568577,0.5929568119497426,6.602928551317804
-0.9759587970272654,-0.14705155705919126,-0.9598049211462747,7.846460021638801
-0.6072875555389445,-1.0,-0.636001592256898,-0.33525921469556985
0.006047989823801059,-1.0,-0.44986826782641365,0.6297860588804917
0.9160349749641998,0.006932980133638855,-0.8076282726481163,4.743976052470688
1.0,-0.8041955761258208,0.47742134878867315,0.5289675487023543
0.2672434893694553,0.609296884083419,-0.6344505461431176,1.1709383616622655
0.18634599346138292,-0.2647344914708445,-1.0,-4.438704437197284
0.061521460383806126,-0.35868640578571265,1.0,-1.339271731496875
-1.0,-0.4044243384770829,0.059226427877098864,-1.9507529775607257
-1.0,-1.0,0.5503307746245147,13.239690934583626
-1.0,-1.0,0.7110837794365175,15.499257734703262
-0.2285815436731471,0.09735704328776573,0.11233561072255682,-0.38995352160019686
-0.8516325223165706,1.0,-0.8457676316565081,4.757507912005808
-0.24256773535333354,-1.0,0.12658571995777845,2.9967107642302313
1.0,0.45267278884895257,-0.6111411527778516,6.006867768398824
-0.7198434953153992,0.024692145980151903,0.28682960572036587,-1.6279558214227317
0.03850470007328144,0.5209393619189793,0.9760102207110319,2.9255265816535787
-0.7482015443167438,0.3302544695364853,1.0,3.7206609624468525
-0.07356786033716833,0.38309455129517267,-0.25914110840588456,0.16622801703097234
0.2626173647842982,-0.12728341665165321,-0.08072979558228321,0.9886145451524802
1.0,-1.0,0.5276217815178215,-6.499312307918308
0.403226000445428,0.8527745778087761,0.04146393462093623,3.398569802319894
1.0,-0.3458295302343295,0.0035884727666135596,3.433811944416052
-1.0,-0.396567634544972,-1.0,6.52528818640828
1.0,0.06799598670311391,0.47135689796595637,6.554488887679889
-0.04334146359682389,-0.908424062107063,-0.7344379829509162,-2.01371600298591
1.0,-0.5837722386391573,0.7789663399408369,5.4713270987583185
0.4164313876754273,-0.19809401159530693,-1.0,-3.419100652351348
0.4183165954404564,0.7632997111325346,0.7676109800834183,3.4116728341556164
0.5092524821868978,-0.003301089705940674,1.0,0.4239016405944789
-0.08985407293998926,1.0,-0.370972824742845,9.863353200120681
-1.0,0.31914820748142825,-1.0,15.527655918178265
-1.0,1.0,1.0,17.602944470747147
1.0,-1.0,-0.30988951428364064,-8.760071997773831
0.35245875259885473,-0.7323551512562481,0.13883259174302598,1.345561335775089
0.2020448610681218,-1.0,-0.319889702258769,1.447147853477134
-0.4101335434973492,0.8197337974207755,0.7208523959447348,3.100601631672975
0.5043850247439667,-0.7903481263014676,0.04775851349955573,1.2642818012435826
0.21528146629832756,0.6671068369027968,0.30438388017290885,1.6804723523023966
-0.13012238029211165,0.5274507230772192,-0.7113916351857077,-0.2997479778170189
-0.10529630131426426,-0.22836734333887532,-0.6267552853759901,0.49650185725750007
0.061089081869940554,0.41606120569668015,1.0,3.025731605495781
-0.20877414451922993,0.283948577928292,0.02119345207076684,-0.5293133500739726
0.3536679058088392,-0.8902074836891509,0.6103108209987151,0.2214887094606714
1.0,0.06559985110926791,-0.02129774420024355,4.341101239590518
-0.7465577205680154,0.2553015721250145,0.9138938415639091,0.17621016795670152
0.653032164827875,1.0,-1.0,9.642287578488505
0.24447197815328603,0.9252566683582062,0.5452437470568026,5.458561581855064
0.12626007406091588,-0.3246303253817102,1.0,-1.9411122835553039
0.7327145302872615,1.0,0.25468536375111817,7.971957463385385
-0.06880322419774654,-0.3291310193566319,0.8360529416750393,-0.1032598728496048
-1.0,-0.49412429406420877,0.5479527623425391,0.3606635798823072
0.85483983829635,0.1700644303686163,0.3275228679213016,2.47903271715021
1.0,1.0,-1.0,39.09218108805224
0.9368179207907659,0.5026218910848446,0.31267127279668294,6.2767141300775275
-0.4939539926441392,0.6416389122941224,1.0,5.995651701309372
0.1492694191997883,-0.794654784560819,0.5786977916697951,1.3968723333259259
-0.8050348227749724,-0.4423844194021853,-0.281368868070516,0.30051950511911696
-0.4514295554227288,0.8107941474746314,0.5507652062989543,1.4150181839224505
-0.32185174371196035,0.8649933410582731,0.6029258824282282,3.1304054765309868
0.6938166698633985,-0.3456622352983256,-0.3979331245412676,1.81195945345431
-0.27522863664042485,0.3832795161923441,1.0,3.2809734728253757
0.2811292179626945,-1.0,0.7600844854409985,-1.9218578743893413
-0.48979654773042136,1.0,-0.05103652114341006,5.537484820718539
-1.0,-0.4708838356616627,0.12889089110619367,-2.716770667665548
-1.0,-1.0,-0.6964606324662139,3.497282521485557
1.0,0.25964722270736496,-1.0,10.815662542545581
-0.13224684376145968,-0.07245565486714423,-1.0,-2.8792797723423016
-0.3735959696967215,-1.0,-0.12468171509753478,3.5838006804809783
-1.0,0.3746453188111263,1.0,4.3626877491889635
-0.005338360006110321,0.6805703103800711,-0.32582762633847495,0.7914049337797214
-1.0,1.0,0.25961198475913827,4.321206911703358
-0.45664061326917826,0.0509973669572128,0.27603140912105717,-1.1442699051976613
0.12213155524563635,-0.6067772807005047,0.9816434124674913,-1.6366009547384217
-1.0,0.7401891542619585,1.0,8.970420225286446
0.228056672677047,-0.4170600374142803,-1.0,-5.273722336733651
-0.7713497075997375,-0.02992432016626001,-0.0039335333525858385,-1.716690748935647
-0.05581447284143226,0.976992594483814,1.0,11.376770714780838
-0.22378081178032883,-0.33868858498927334,-1.0,-3.835503903997089
-0.912290549135806,0.14088407735005926,1.0,3.510379444110283
0.08237329092566781,-1.0,0.7464506578872243,-1.961193698170551
0.6083869539250246,-0.8846890192074701,-1.0,-14.98200487197745
0.8719738012478477,0.674491665755653,-0.08647855590526698,3.7029168081385424
0.559435477945669,0.16461070023071822,0.20304855162938296,1.6517610271745775
-0.35809043230572035,0.5314602749772694,0.48161254997766445,-0.6233997886282223
0.5670217735293546,0.043084090181379375,-1.0,-2.0109203507087745
-1.0,-0.7586675908642533,-1.0,4.791496231605253
-1.0,1.0,-0.9014626903385756,16.25230413248467
-0.7219050757511059,0.9181211724374518,0.31778319919732567,0.8179162941098661
0.14554193153638306,-0.10690492187236522,1.0,-0.27578780698631733
-0.40747074330532707,-0.30440060626399457,-0.7622179217338834,-0.1069956882606515
-1.0,-0.8798825233438845,0.9857811072228231,17.94521134064025
-0.6187806487220087,1.0,-1.0,1.349219939535107
0.3721521534744985,0.36977275782310426,-0.8470663888160495,0.030066657437168604
0.9324815871361856,0.22925062019264897,1.0,12.039846681828672
0.0033224019194688648,-0.4537108312899918,-0.6532988864496341,0.1375798648098877
-0.928685248389229,1.0,-0.30288976412879465,7.23278220130311
-0.5750933782472556,0.21113062883389255,1.0,2.634083869289234
-0.06395006455375296,-1.0,-1.0,-16.181491449131098
0.4575887026279757,0.5020514659954467,1.0,3.2516404675463932
0.2757711514570458,-0.7593014549814432,0.4386229382987823,0.6546144119935847
0.532344551573485,0.9068612722391274,-0.9859930975105582,3.1730429025542417
-0.705598542524436,-0.9834103329196591,-1.0,-6.059708053896867
0.07772363487654688,-0.05831707298316746,-0.5266951713183377,1.3594310163509022
0.3001041527216688,-0.3658558659216975,-0.34309487436654806,0.699623138901279
-0.5932563327431823,-1.0,0.6555846025861836,3.2622430934614783
-0.4233569584038832,1.0,-1.0,1.1942297305878569
-0.4539350522545387,0.11855305573966568,0.23540879758179178,-0.5388607129450925
-0.7478644980803013,-0.8123877570162485,-0.730565101914999,1.4625966718694168
0.6827821260989968,-0.4747370200643386,-1.0,-4.862986619436738
-0.10928636547269166,-0.9160953278438997,0.5117715853562925,0.002398556142243491
-1.0,-0.040087399970804016,-0.13626613207499938,-4.254395050372518
-0.7119432932269889,0.6734289057784488,0.34406295663149233,-1.5960078815966603
-1.0,0.4229127184588992,1.0,4.269750209856054
-0.5747909542245824,-0.021999417187919645,0.5170590604300591,-0.35503991268277874
0.649963923486913,-0.7875148008164072,-0.05602613195217354,1.530429402782374
1.0,-0.7150989049545373,0.4789308080138772,1.6811535466416765
-0.49192785588618393,-0.9024504060678449,-0.032301720029631165,3.1094813974667246
1.0,1.0,0.08819850610796331,13.544326711495566
1.0,-0.30876479489421493,-0.9734334105359219,5.012381194467585
-1.0,0.30651056456861947,0.7654968095040564,-3.7958047818954705
-0.6962929744297888,0.31509091631538144,-0.8897841217894851,0.710488863881688
-0.9749345068207464,-0.17782614219661474,1.0,3.919156638280291
0.09028814980558297,0.21670953582237873,-0.3400110633725375,0.7727603741052959
-0.5969200493940168,1.0,-1.0,0.906135530436104
1.0,0.10149144839080071,0.45757238811037015,7.20761267082136
0.3308106787858427,0.868279864317075,-1.0,-0.7723410250210576
-0.9442113011508251,0.624374802528822,0.4423970859518638,-4.216499446792502
0.9914017547298362,1.0,0.4570658588840688,13.762995187192065
-0.35245780282114425,-0.9251476994507122,-1.0,-10.906258413508848
1.0,0.8845931821683852,-0.3280217286805669,10.696707049850282
0.14210283650928313,-0.6016903671824321,-0.4266570431026113,0.8947279088704305
-1.0,0.9116527306522026,1.0,14.337353375138719
0.5249002889318628,-0.4046170895934449,1.0,-2.4290979584523087
0.07852222118513241,-0.04686484296468363,0.07862912479863793,0.1435880006338841
-1.0,-0.18999353769677807,1.0,4.662536002592289
0.009550692920812676,-1.0,0.22692899328007132,1.8172833296761028
1.0,0.04406669137242458,-0.7507785474261217,6.678036235176523
-0.4082826543156324,0.48030929517725274,1.0,4.254183443112002
0.6582283191758407,-0.08538811837308824,-0.3207919829767272,1.4948251972821995
-0.439631702971216,-0.39664086442178204,1.0,1.1491885248398162
0.2504268503071134,-0.03407437542825309,0.48841556801016406,0.9880970348021295
-1.0,-0.21586947575803506,0.7139719515291034,-1.073107443645226
1.0,-0.209342501386669,-0.292450688391944,4.313407172373323
-0.04401627311059464,-0.6234589185253772,-0.29667652514953646,0.8995507558415776
0.7296407438360744,-0.7478998622932793,0.5479547564207397,0.7100398147150355
0.813262958461227,-0.816746600303422,0.6756872959843307,-0.3207668340555224
0.27590255765038196,-0.9104417757530492,0.12037189707608764,2.335046203467009
-0.0012260180763055128,-0.281573659476845,-0.940869335242609,-1.3375046135099784
0.34533003824787634,-0.6372349027047612,1.0,-4.164924252852016
0.6098274574502296,1.0,-1.0,9.238656642007689
0.3769656637257477,0.11598167152475058,-1.0,-3.0378141588315133
-1.0,-0.922286513976762,-0.29052596632070515,5.485122130223368
-0.10355965667358702,0.9260701296854588,-0.3752720418086435,4.79560191527151
0.0990228581352195,1.0,1.0,11.381416834232798
0.38165714196238887,1.0,-0.42233933329407614,10.529343393819628
0.05272308035210549,-0.6952523796714498,1.0,-1.99076200434361
0.784416378793475,0.10856780579847336,-1.0,0.7580241068706248
-0.615830431168612,0.5883154937262598,-0.27979396175043303,-2.799672984608816
0.5239660455990052,-0.20881316295604946,-0.6224809538708345,2.010296856116434
0.2690815583482409,0.47629496191677134,-0.010044856411102865,0.6141080450850449
-0.44848952882497795,0.9854022743021345,-0.07400849980055746,5.222660241014997
-0.5583545588512759,-1.0,-0.5176244383415838,1.6628551955891613
0.4271165713943177,-0.46880083651138005,0.028436929590254012,1.3658263744320875
-1.0,0.30878021816485535,-0.5446256436518229,-0.27184629700253915
0.41899681125158006,-1.0,-0.8271814069140158,-11.2396237369158
0.2884781414127948,0.6084600695070579,0.15401318232306038,1.1177686179206459
0.9257486142669904,-0.06603279907073234,0.9689721348973805,7.037117211574574
0.015227519967791148,1.0,-0.007003399283128431,8.194616916751537
-0.16443922021416335,1.0,0.40346893188525157,6.523773285697693
1.0,0.3249615021472727,-1.0,11.66075955568567
-0.07987906503624864,0.8181439964446136,0.6884710317375276,3.6004943295320886
-0.33757095642559753,1.0,0.23854927450433094,5.825802327282765
-0.1887608712246276,1.0,0.23231925972786271,7.069438516803505
0.46947215330911085,1.0,0.6737090246635682,8.152766174398044
0.5591993453246571,-0.7748961511895069,0.8612049612152961,-1.3518235478789837
0.6813690255326679,-1.0,-0.34494991387077634,-2.525351280873706
0.03015083205542224,0.8386898919344603,0.37423397306118455,2.8046525623882337
-0.05162029782784727,0.1657414158785553,-0.15429316371189605,0.6799707988297581
-0.8532815690108233,-1.0,-0.14034260200742588,7.294276641164972
0.6590035131528711,-0.41508536968912435,-0.23425236069688493,0.500782900442975
0.29149308851952194,-1.0,-0.10068119006001863,1.1025458387030462
-1.0,0.3995437557610042,-0.1284943956367537,-2.7805762608865803
0.3996149650829035,-0.25998530284275123,-1.0,-4.237946860787923
0.38390080726712683,1.0,1.0,9.859650617050098
0.6523599705419991,-0.7154611544555309,0.5359501835245493,0.9085370891219773
-0.21481809789131812,0.10420353419872908,0.5609607466753121,-0.47265919197626594
-1.0,-0.2902168644552743,-0.747931243508603,0.5793910296126012
0.8706324183739673,-1.0,0.8804857382481937,-6.015306494668833
-1.0,-0.28093604159098273,-0.3925629255591776,-2.872445363597671
1.0,0.1668159283169086,-0.42437497758097087,4.979460324096847
-1.0,0.13629131514709925,0.05392046634074976,-4.983325429933492
1.0,1.0,-1.0,39.27164713949532
-0.3984808175475798,0.04844805197421964,0.5071817993160304,-0.636815161511664
-0.05772547313806897,-0.17264994553279434,0.19754863182716376,0.3425833926016333
-0.51098163475303,1.0,1.0,15.564211281279881
-0.5073495600669922,-0.054764446319638616,-0.7605324239711055,0.5441381323716922
1.0,0.33006142388197546,0.07577628294344807,6.296802432436755
-1.0,0.6272476305985688,-1.0,18.88354995940558
0.09998719349532048,-0.34009367123805223,-0.08342652731652023,0.6397581035570438
1.0,0.3634859732103517,0.6400501982608433,10.161892566774439
0.5142543595567579,0.23857703715695222,-0.03745330995834184,1.4230115969743127
-0.6494536656639582,-1.0,1.0,0.8293400856979452
0.5666719206786008,0.18548015825654884,1.0,1.3406167951214545
-0.5341895618144319,0.03715254119573874,-0.28393366698632194,0.2789284053086608
-0.9767347548005232,0.7342022723840766,0.9783377942379652,7.353175144738429
-0.14262906398192787,0.06368297605008144,-0.7318894729170691,1.010631262007221
