degree,model,lam,cv_mse,cv_std,cv_r2
1,Least squares,0.0,9.453105957220965,1.275457706677912,0.10958882170536755
1,Ridge,0.03162277660168379,9.449222035666972,1.269138617484005,0.10995465777902891
1,Lasso,0.01778279410038923,9.447311009900494,1.2660135352339574,0.11013466197153254
2,Least squares,0.0,3.326808495393222,0.3208023589456421,0.686639768373599
2,Ridge,0.01,3.324369077343441,0.3321407586037076,0.6868695431280436
2,Lasso,0.01,3.3215084310200083,0.3345871551653634,0.6871389944041701
3,Least squares,0.0,1.05384034962293,0.1803100173950524,0.9007361991192535
3,Ridge,0.0031622776601683794,1.051817272696829,0.1773134900553337,0.9009267576846289
3,Lasso,0.005623413251903491,1.0419132654386816,0.16858618063059314,0.9018596403596433
4,Least squares,0.0,0.8595837177742361,0.15965610371609243,0.9190337065457747
4,Ridge,0.01,0.8255520814563668,0.18565147924607625,0.92223922963313
4,Lasso,0.01,0.657997459705509,0.09980159810821834,0.938021609398791
5,Least squares,0.0,1.228902978324559,0.3329009578653254,0.8842466218096389
5,Ridge,0.03162277660168379,0.5059150801094059,0.0688099669062461,0.9523466208211561
5,Lasso,0.01,0.31139777157620063,0.03479898466314383,0.9706686820223688
6,Least squares,0.0,228.18418264972584,45.672677573847885,-20.493226444387645
6,Ridge,0.03162277660168379,0.6189832913175664,0.16069181993089915,0.9416964493722028
6,Lasso,0.01,0.32345224117753546,0.0326395454719487,0.9695332420378797
